{"polyfill":["/polyfill-acfecac026b8bd8c2ebf.js"],"app":["/app-edd55314b1aca77877b7.js"],"component---src-pages-404-js":["/component---src-pages-404-js-0d3eb7679980cf684362.js"],"component---src-pages-administrador-js":["/component---src-pages-administrador-js-e221ce91ff4c4c67ee28.js"],"component---src-pages-franquicias-js":["/component---src-pages-franquicias-js-958211f8c7e786160150.js"],"component---src-pages-index-js":["/component---src-pages-index-js-39d4a0aa6ec441f8e766.js"],"component---src-pages-menullorona-js":["/component---src-pages-menullorona-js-8eb818e8645f433074a5.js"],"component---src-pages-mezcal-js":["/component---src-pages-mezcal-js-1185a00f77b690634118.js"],"component---src-pages-reserva-js":["/component---src-pages-reserva-js-6d6c25ac1082d724e8bd.js"]}