{"polyfill":["/polyfill-acfecac026b8bd8c2ebf.js"],"app":["/app-4877426fa7c2eb733f12.js"],"component---src-pages-404-js":["/component---src-pages-404-js-0d3eb7679980cf684362.js"],"component---src-pages-administrador-js":["/component---src-pages-administrador-js-78279bf02613884ea9ea.js"],"component---src-pages-franquicias-js":["/component---src-pages-franquicias-js-2fa180095b184c040158.js"],"component---src-pages-index-js":["/component---src-pages-index-js-39d4a0aa6ec441f8e766.js"],"component---src-pages-menullorona-js":["/component---src-pages-menullorona-js-8eb818e8645f433074a5.js"],"component---src-pages-mezcal-js":["/component---src-pages-mezcal-js-7d37745450cd484b301b.js"],"component---src-pages-reserva-js":["/component---src-pages-reserva-js-6d6c25ac1082d724e8bd.js"]}