{"polyfill":["/polyfill-acfecac026b8bd8c2ebf.js"],"app":["/app-3f5eacdda455f4e64c86.js"],"component---src-pages-404-js":["/component---src-pages-404-js-0d3eb7679980cf684362.js"],"component---src-pages-administrador-js":["/component---src-pages-administrador-js-3b24d878fb579e20c1f5.js"],"component---src-pages-cantina-js":["/component---src-pages-cantina-js-148dff455b0da7d2d57c.js"],"component---src-pages-franquicias-js":["/component---src-pages-franquicias-js-bb3314c3c13ee479dcb4.js"],"component---src-pages-hoteles-js":["/component---src-pages-hoteles-js-3d63e2de89e3e8d392b5.js"],"component---src-pages-index-js":["/component---src-pages-index-js-878be7130965d01e64f9.js"],"component---src-pages-menullorona-js":["/component---src-pages-menullorona-js-b5c796c4acd08a5acca0.js"],"component---src-pages-mezcal-js":["/component---src-pages-mezcal-js-b333f18d2f1f42cc7f87.js"],"component---src-pages-reserva-js":["/component---src-pages-reserva-js-6fee3352afc49dfc7533.js"]}