{"polyfill":["/polyfill-acfecac026b8bd8c2ebf.js"],"app":["/app-a50933f642246236aaad.js"],"component---src-pages-404-js":["/component---src-pages-404-js-0d3eb7679980cf684362.js"],"component---src-pages-administrador-js":["/component---src-pages-administrador-js-c326a74fd254c0b0d283.js"],"component---src-pages-franquicias-js":["/component---src-pages-franquicias-js-8ccb6ab5b6cc5d46276a.js"],"component---src-pages-index-js":["/component---src-pages-index-js-91a50260076a63c85b8e.js"],"component---src-pages-menullorona-js":["/component---src-pages-menullorona-js-f1d7a09008e131228c81.js"],"component---src-pages-mezcal-js":["/component---src-pages-mezcal-js-b333f18d2f1f42cc7f87.js"],"component---src-pages-reserva-js":["/component---src-pages-reserva-js-6fee3352afc49dfc7533.js"]}