{"polyfill":["/polyfill-acfecac026b8bd8c2ebf.js"],"app":["/app-b82fda772d3e5c3123a3.js"],"component---src-pages-404-js":["/component---src-pages-404-js-0d3eb7679980cf684362.js"],"component---src-pages-administrador-js":["/component---src-pages-administrador-js-ed265109a020a4674473.js"],"component---src-pages-cantina-js":["/component---src-pages-cantina-js-2d28b34c67d62afe73e3.js"],"component---src-pages-franquicias-js":["/component---src-pages-franquicias-js-3ab48cbd75df1485c90b.js"],"component---src-pages-index-js":["/component---src-pages-index-js-91a50260076a63c85b8e.js"],"component---src-pages-menullorona-js":["/component---src-pages-menullorona-js-b5c796c4acd08a5acca0.js"],"component---src-pages-mezcal-js":["/component---src-pages-mezcal-js-b333f18d2f1f42cc7f87.js"],"component---src-pages-reserva-js":["/component---src-pages-reserva-js-6fee3352afc49dfc7533.js"]}