{"polyfill":["/polyfill-acfecac026b8bd8c2ebf.js"],"app":["/app-0e6f302a37df60ef9168.js"],"component---src-pages-404-js":["/component---src-pages-404-js-0d3eb7679980cf684362.js"],"component---src-pages-administrador-js":["/component---src-pages-administrador-js-8c99f5d5223ef73ecd1f.js"],"component---src-pages-index-js":["/component---src-pages-index-js-a21ab516aad24140aac3.js"],"component---src-pages-menullorona-js":["/component---src-pages-menullorona-js-00d1688abc5732a8fcd6.js"],"component---src-pages-mezcal-js":["/component---src-pages-mezcal-js-04002ba908301b36971a.js"],"component---src-pages-reserva-js":["/component---src-pages-reserva-js-1579dbfa28371abf4ca4.js"]}