{"polyfill":["/polyfill-acfecac026b8bd8c2ebf.js"],"app":["/app-6f9715ec9b6e2d71bc35.js"],"component---src-pages-404-js":["/component---src-pages-404-js-0d3eb7679980cf684362.js"],"component---src-pages-administrador-js":["/component---src-pages-administrador-js-6f5ebb89502831095aa1.js"],"component---src-pages-cantina-js":["/component---src-pages-cantina-js-0a9894dfad0ac0c311ea.js"],"component---src-pages-franquicias-js":["/component---src-pages-franquicias-js-4be920409699b1f4eea9.js"],"component---src-pages-hoteles-js":["/component---src-pages-hoteles-js-b71204bcd90b349a7670.js"],"component---src-pages-index-js":["/component---src-pages-index-js-878be7130965d01e64f9.js"],"component---src-pages-menullorona-js":["/component---src-pages-menullorona-js-66525019cf701c5b75e6.js"],"component---src-pages-mezcal-js":["/component---src-pages-mezcal-js-b333f18d2f1f42cc7f87.js"],"component---src-pages-producto-js":["/component---src-pages-producto-js-75541f67eb53d86b4408.js"],"component---src-pages-reserva-js":["/component---src-pages-reserva-js-6fee3352afc49dfc7533.js"]}