{"polyfill":["/polyfill-acfecac026b8bd8c2ebf.js"],"app":["/app-9cd21cb2ee7b68c91e5e.js"],"component---src-pages-404-js":["/component---src-pages-404-js-0d3eb7679980cf684362.js"],"component---src-pages-administrador-js":["/component---src-pages-administrador-js-107fbd3471aa409c8db3.js"],"component---src-pages-cantina-js":["/component---src-pages-cantina-js-0a9894dfad0ac0c311ea.js"],"component---src-pages-franquicias-js":["/component---src-pages-franquicias-js-bb3314c3c13ee479dcb4.js"],"component---src-pages-hoteles-js":["/component---src-pages-hoteles-js-c69e510261bd81b0e2fd.js"],"component---src-pages-index-js":["/component---src-pages-index-js-878be7130965d01e64f9.js"],"component---src-pages-menullorona-js":["/component---src-pages-menullorona-js-b5c796c4acd08a5acca0.js"],"component---src-pages-mezcal-js":["/component---src-pages-mezcal-js-b333f18d2f1f42cc7f87.js"],"component---src-pages-reserva-js":["/component---src-pages-reserva-js-6fee3352afc49dfc7533.js"]}