{"polyfill":["/polyfill-acfecac026b8bd8c2ebf.js"],"app":["/app-2206ab1f6b1a01ca04dc.js"],"component---src-pages-404-js":["/component---src-pages-404-js-0d3eb7679980cf684362.js"],"component---src-pages-administrador-js":["/component---src-pages-administrador-js-58f916bb3f3c0fd2a76a.js"],"component---src-pages-cantina-js":["/component---src-pages-cantina-js-0a9894dfad0ac0c311ea.js"],"component---src-pages-franquicias-js":["/component---src-pages-franquicias-js-4be920409699b1f4eea9.js"],"component---src-pages-hoteles-js":["/component---src-pages-hoteles-js-86a220f8b4b7f9011428.js"],"component---src-pages-index-js":["/component---src-pages-index-js-878be7130965d01e64f9.js"],"component---src-pages-menullorona-js":["/component---src-pages-menullorona-js-b5c796c4acd08a5acca0.js"],"component---src-pages-mezcal-js":["/component---src-pages-mezcal-js-b333f18d2f1f42cc7f87.js"],"component---src-pages-producto-js":["/component---src-pages-producto-js-bf73cf7f3893365b9116.js"],"component---src-pages-reserva-js":["/component---src-pages-reserva-js-6fee3352afc49dfc7533.js"]}