{"name":"build-javascript","namedChunkGroups":{"polyfill":{"name":"polyfill","assets":[{"name":"webpack-runtime-ba5a5531b2025f06d583.js","size":5657},{"name":"polyfill-acfecac026b8bd8c2ebf.js","size":85836}],"filteredAssets":0,"assetsSize":91493,"filteredAuxiliaryAssets":2,"auxiliaryAssetsSize":229111},"app":{"name":"app","assets":[{"name":"webpack-runtime-ba5a5531b2025f06d583.js","size":5657},{"name":"framework-06a1cf00a5a75559c374.js","size":141400},{"name":"styles.2479a8afd722aee3891c.css","size":727900},{"name":"app-4877426fa7c2eb733f12.js","size":173668}],"filteredAssets":0,"assetsSize":1048625,"filteredAuxiliaryAssets":3,"auxiliaryAssetsSize":990504},"component---src-pages-404-js":{"name":"component---src-pages-404-js","assets":[{"name":"component---src-pages-404-js-0d3eb7679980cf684362.js","size":800}],"filteredAssets":0,"assetsSize":800,"filteredAuxiliaryAssets":1,"auxiliaryAssetsSize":1878},"component---src-pages-administrador-js":{"name":"component---src-pages-administrador-js","assets":[{"name":"framework-06a1cf00a5a75559c374.js","size":141400},{"name":"styles.2479a8afd722aee3891c.css","size":727900},{"name":"1bfc9850-f384555f808691f0eeb1.js","size":2260},{"name":"0eceb729-8e9d4c32d7bb1dca7e50.js","size":11903},{"name":"16ec6d317247f25975c2cf48d250adbb9492b789-6c0c0d25e4627b1d81a1.js","size":45206},{"name":"239c4314c0741eb449cfa67e4a87867101115adf-211c46cc9b968b6ebd71.js","size":1089681},{"name":"component---src-pages-administrador-js-78279bf02613884ea9ea.js","size":555893}],"filteredAssets":0,"assetsSize":2574243,"filteredAuxiliaryAssets":7,"auxiliaryAssetsSize":10497224},"component---src-pages-franquicias-js":{"name":"component---src-pages-franquicias-js","assets":[{"name":"framework-06a1cf00a5a75559c374.js","size":141400},{"name":"styles.2479a8afd722aee3891c.css","size":727900},{"name":"1bfc9850-f384555f808691f0eeb1.js","size":2260},{"name":"0eceb729-8e9d4c32d7bb1dca7e50.js","size":11903},{"name":"16ec6d317247f25975c2cf48d250adbb9492b789-6c0c0d25e4627b1d81a1.js","size":45206},{"name":"dce39c00396b4c0b0abe57588ae0f1674566ca4e-7663a8e39d93e62710d8.js","size":73732},{"name":"239c4314c0741eb449cfa67e4a87867101115adf-211c46cc9b968b6ebd71.js","size":1089681},{"name":"component---src-pages-franquicias-js-2fa180095b184c040158.js","size":12364}],"filteredAssets":0,"assetsSize":2104446,"filteredAuxiliaryAssets":8,"auxiliaryAssetsSize":8728046},"component---src-pages-index-js":{"name":"component---src-pages-index-js","assets":[{"name":"framework-06a1cf00a5a75559c374.js","size":141400},{"name":"styles.2479a8afd722aee3891c.css","size":727900},{"name":"1bfc9850-f384555f808691f0eeb1.js","size":2260},{"name":"16ec6d317247f25975c2cf48d250adbb9492b789-6c0c0d25e4627b1d81a1.js","size":45206},{"name":"dce39c00396b4c0b0abe57588ae0f1674566ca4e-7663a8e39d93e62710d8.js","size":73732},{"name":"component---src-pages-index-js-39d4a0aa6ec441f8e766.js","size":4462}],"filteredAssets":0,"assetsSize":994960,"filteredAuxiliaryAssets":6,"auxiliaryAssetsSize":3786122},"component---src-pages-menullorona-js":{"name":"component---src-pages-menullorona-js","assets":[{"name":"1bfc9850-f384555f808691f0eeb1.js","size":2260},{"name":"16ec6d317247f25975c2cf48d250adbb9492b789-6c0c0d25e4627b1d81a1.js","size":45206},{"name":"component---src-pages-menullorona-js-8eb818e8645f433074a5.js","size":23545}],"filteredAssets":0,"assetsSize":71011,"filteredAuxiliaryAssets":24,"auxiliaryAssetsSize":15858953},"component---src-pages-mezcal-js":{"name":"component---src-pages-mezcal-js","assets":[{"name":"framework-06a1cf00a5a75559c374.js","size":141400},{"name":"1bfc9850-f384555f808691f0eeb1.js","size":2260},{"name":"16ec6d317247f25975c2cf48d250adbb9492b789-6c0c0d25e4627b1d81a1.js","size":45206},{"name":"dce39c00396b4c0b0abe57588ae0f1674566ca4e-7663a8e39d93e62710d8.js","size":73732},{"name":"component---src-pages-mezcal-js-7d37745450cd484b301b.js","size":9453}],"filteredAssets":0,"assetsSize":272051,"filteredAuxiliaryAssets":6,"auxiliaryAssetsSize":3794762},"component---src-pages-reserva-js":{"name":"component---src-pages-reserva-js","assets":[{"name":"framework-06a1cf00a5a75559c374.js","size":141400},{"name":"1bfc9850-f384555f808691f0eeb1.js","size":2260},{"name":"16ec6d317247f25975c2cf48d250adbb9492b789-6c0c0d25e4627b1d81a1.js","size":45206},{"name":"dce39c00396b4c0b0abe57588ae0f1674566ca4e-7663a8e39d93e62710d8.js","size":73732},{"name":"component---src-pages-reserva-js-6d6c25ac1082d724e8bd.js","size":12847}],"filteredAssets":0,"assetsSize":275445,"filteredAuxiliaryAssets":6,"auxiliaryAssetsSize":3808348}},"assetsByChunkName":{"polyfill":["webpack-runtime-ba5a5531b2025f06d583.js","polyfill-acfecac026b8bd8c2ebf.js"],"app":["webpack-runtime-ba5a5531b2025f06d583.js","framework-06a1cf00a5a75559c374.js","styles.2479a8afd722aee3891c.css","app-4877426fa7c2eb733f12.js"],"component---src-pages-404-js":["component---src-pages-404-js-0d3eb7679980cf684362.js"],"component---src-pages-administrador-js":["framework-06a1cf00a5a75559c374.js","styles.2479a8afd722aee3891c.css","1bfc9850-f384555f808691f0eeb1.js","0eceb729-8e9d4c32d7bb1dca7e50.js","16ec6d317247f25975c2cf48d250adbb9492b789-6c0c0d25e4627b1d81a1.js","239c4314c0741eb449cfa67e4a87867101115adf-211c46cc9b968b6ebd71.js","component---src-pages-administrador-js-78279bf02613884ea9ea.js"],"component---src-pages-franquicias-js":["framework-06a1cf00a5a75559c374.js","styles.2479a8afd722aee3891c.css","1bfc9850-f384555f808691f0eeb1.js","0eceb729-8e9d4c32d7bb1dca7e50.js","16ec6d317247f25975c2cf48d250adbb9492b789-6c0c0d25e4627b1d81a1.js","dce39c00396b4c0b0abe57588ae0f1674566ca4e-7663a8e39d93e62710d8.js","239c4314c0741eb449cfa67e4a87867101115adf-211c46cc9b968b6ebd71.js","component---src-pages-franquicias-js-2fa180095b184c040158.js"],"component---src-pages-index-js":["framework-06a1cf00a5a75559c374.js","styles.2479a8afd722aee3891c.css","1bfc9850-f384555f808691f0eeb1.js","16ec6d317247f25975c2cf48d250adbb9492b789-6c0c0d25e4627b1d81a1.js","dce39c00396b4c0b0abe57588ae0f1674566ca4e-7663a8e39d93e62710d8.js","component---src-pages-index-js-39d4a0aa6ec441f8e766.js"],"component---src-pages-menullorona-js":["1bfc9850-f384555f808691f0eeb1.js","16ec6d317247f25975c2cf48d250adbb9492b789-6c0c0d25e4627b1d81a1.js","component---src-pages-menullorona-js-8eb818e8645f433074a5.js"],"component---src-pages-mezcal-js":["framework-06a1cf00a5a75559c374.js","1bfc9850-f384555f808691f0eeb1.js","16ec6d317247f25975c2cf48d250adbb9492b789-6c0c0d25e4627b1d81a1.js","dce39c00396b4c0b0abe57588ae0f1674566ca4e-7663a8e39d93e62710d8.js","component---src-pages-mezcal-js-7d37745450cd484b301b.js"],"component---src-pages-reserva-js":["framework-06a1cf00a5a75559c374.js","1bfc9850-f384555f808691f0eeb1.js","16ec6d317247f25975c2cf48d250adbb9492b789-6c0c0d25e4627b1d81a1.js","dce39c00396b4c0b0abe57588ae0f1674566ca4e-7663a8e39d93e62710d8.js","component---src-pages-reserva-js-6d6c25ac1082d724e8bd.js"]},"childAssetsByChunkName":{}}