{"name":"build-javascript","namedChunkGroups":{"polyfill":{"name":"polyfill","assets":[{"name":"webpack-runtime-c4c2bc29cd763d238b9a.js","size":5883},{"name":"polyfill-acfecac026b8bd8c2ebf.js","size":85836}],"filteredAssets":0,"assetsSize":91719,"filteredAuxiliaryAssets":2,"auxiliaryAssetsSize":229539},"app":{"name":"app","assets":[{"name":"webpack-runtime-c4c2bc29cd763d238b9a.js","size":5883},{"name":"framework-06a1cf00a5a75559c374.js","size":141400},{"name":"styles.2fb5fd6fcc22f539a146.css","size":732754},{"name":"app-b82fda772d3e5c3123a3.js","size":210389}],"filteredAssets":0,"assetsSize":1090426,"filteredAuxiliaryAssets":3,"auxiliaryAssetsSize":1104946},"component---src-pages-404-js":{"name":"component---src-pages-404-js","assets":[{"name":"component---src-pages-404-js-0d3eb7679980cf684362.js","size":800}],"filteredAssets":0,"assetsSize":800,"filteredAuxiliaryAssets":1,"auxiliaryAssetsSize":1878},"component---src-pages-administrador-js":{"name":"component---src-pages-administrador-js","assets":[{"name":"framework-06a1cf00a5a75559c374.js","size":141400},{"name":"styles.2fb5fd6fcc22f539a146.css","size":732754},{"name":"1bfc9850-f384555f808691f0eeb1.js","size":2260},{"name":"0eceb729-8e9d4c32d7bb1dca7e50.js","size":11903},{"name":"fea89c4c20315d4c8f436969be6a6ef528759b10-1ab160cdae22ae9515f9.js","size":10915},{"name":"06d894d9af81f1549c9d783f6a06093ddf50a6a2-97716428459973d88ebe.js","size":55965},{"name":"239c4314c0741eb449cfa67e4a87867101115adf-f82a6b1e65c9b2669845.js","size":1039152},{"name":"component---src-pages-administrador-js-ed265109a020a4674473.js","size":557281}],"filteredAssets":0,"assetsSize":2551630,"filteredAuxiliaryAssets":8,"auxiliaryAssetsSize":10397818},"component---src-pages-cantina-js":{"name":"component---src-pages-cantina-js","assets":[{"name":"framework-06a1cf00a5a75559c374.js","size":141400},{"name":"styles.2fb5fd6fcc22f539a146.css","size":732754},{"name":"1bfc9850-f384555f808691f0eeb1.js","size":2260},{"name":"fea89c4c20315d4c8f436969be6a6ef528759b10-1ab160cdae22ae9515f9.js","size":10915},{"name":"eee7e3d5fc105a908bec9efe3e975eb69262654f-b1ef4d809d7f6e530f48.js","size":72025},{"name":"06d894d9af81f1549c9d783f6a06093ddf50a6a2-97716428459973d88ebe.js","size":55965},{"name":"8e26f3d88ded61e0a80c1fa0ac514e63e42fb879-f6c6677ef6b617e815cc.js","size":18902},{"name":"component---src-pages-cantina-js-2d28b34c67d62afe73e3.js","size":32446}],"filteredAssets":0,"assetsSize":1066667,"filteredAuxiliaryAssets":8,"auxiliaryAssetsSize":4104147},"component---src-pages-franquicias-js":{"name":"component---src-pages-franquicias-js","assets":[{"name":"framework-06a1cf00a5a75559c374.js","size":141400},{"name":"styles.2fb5fd6fcc22f539a146.css","size":732754},{"name":"1bfc9850-f384555f808691f0eeb1.js","size":2260},{"name":"0eceb729-8e9d4c32d7bb1dca7e50.js","size":11903},{"name":"fea89c4c20315d4c8f436969be6a6ef528759b10-1ab160cdae22ae9515f9.js","size":10915},{"name":"eee7e3d5fc105a908bec9efe3e975eb69262654f-b1ef4d809d7f6e530f48.js","size":72025},{"name":"06d894d9af81f1549c9d783f6a06093ddf50a6a2-97716428459973d88ebe.js","size":55965},{"name":"239c4314c0741eb449cfa67e4a87867101115adf-f82a6b1e65c9b2669845.js","size":1039152},{"name":"component---src-pages-franquicias-js-3ab48cbd75df1485c90b.js","size":12406}],"filteredAssets":0,"assetsSize":2078780,"filteredAuxiliaryAssets":9,"auxiliaryAssetsSize":8622995},"component---src-pages-index-js":{"name":"component---src-pages-index-js","assets":[{"name":"framework-06a1cf00a5a75559c374.js","size":141400},{"name":"styles.2fb5fd6fcc22f539a146.css","size":732754},{"name":"1bfc9850-f384555f808691f0eeb1.js","size":2260},{"name":"fea89c4c20315d4c8f436969be6a6ef528759b10-1ab160cdae22ae9515f9.js","size":10915},{"name":"eee7e3d5fc105a908bec9efe3e975eb69262654f-b1ef4d809d7f6e530f48.js","size":72025},{"name":"component---src-pages-index-js-91a50260076a63c85b8e.js","size":4414}],"filteredAssets":0,"assetsSize":963768,"filteredAuxiliaryAssets":6,"auxiliaryAssetsSize":3675461},"component---src-pages-menullorona-js":{"name":"component---src-pages-menullorona-js","assets":[{"name":"1bfc9850-f384555f808691f0eeb1.js","size":2260},{"name":"8e26f3d88ded61e0a80c1fa0ac514e63e42fb879-f6c6677ef6b617e815cc.js","size":18902},{"name":"component---src-pages-menullorona-js-b5c796c4acd08a5acca0.js","size":15124}],"filteredAssets":0,"assetsSize":36286,"filteredAuxiliaryAssets":20,"auxiliaryAssetsSize":13349656},"component---src-pages-mezcal-js":{"name":"component---src-pages-mezcal-js","assets":[{"name":"framework-06a1cf00a5a75559c374.js","size":141400},{"name":"1bfc9850-f384555f808691f0eeb1.js","size":2260},{"name":"fea89c4c20315d4c8f436969be6a6ef528759b10-1ab160cdae22ae9515f9.js","size":10915},{"name":"eee7e3d5fc105a908bec9efe3e975eb69262654f-b1ef4d809d7f6e530f48.js","size":72025},{"name":"component---src-pages-mezcal-js-b333f18d2f1f42cc7f87.js","size":8527}],"filteredAssets":0,"assetsSize":235127,"filteredAuxiliaryAssets":6,"auxiliaryAssetsSize":3682808},"component---src-pages-reserva-js":{"name":"component---src-pages-reserva-js","assets":[{"name":"framework-06a1cf00a5a75559c374.js","size":141400},{"name":"1bfc9850-f384555f808691f0eeb1.js","size":2260},{"name":"fea89c4c20315d4c8f436969be6a6ef528759b10-1ab160cdae22ae9515f9.js","size":10915},{"name":"eee7e3d5fc105a908bec9efe3e975eb69262654f-b1ef4d809d7f6e530f48.js","size":72025},{"name":"component---src-pages-reserva-js-6fee3352afc49dfc7533.js","size":13397}],"filteredAssets":0,"assetsSize":239997,"filteredAuxiliaryAssets":6,"auxiliaryAssetsSize":3698492}},"assetsByChunkName":{"polyfill":["webpack-runtime-c4c2bc29cd763d238b9a.js","polyfill-acfecac026b8bd8c2ebf.js"],"app":["webpack-runtime-c4c2bc29cd763d238b9a.js","framework-06a1cf00a5a75559c374.js","styles.2fb5fd6fcc22f539a146.css","app-b82fda772d3e5c3123a3.js"],"component---src-pages-404-js":["component---src-pages-404-js-0d3eb7679980cf684362.js"],"component---src-pages-administrador-js":["framework-06a1cf00a5a75559c374.js","styles.2fb5fd6fcc22f539a146.css","1bfc9850-f384555f808691f0eeb1.js","0eceb729-8e9d4c32d7bb1dca7e50.js","fea89c4c20315d4c8f436969be6a6ef528759b10-1ab160cdae22ae9515f9.js","06d894d9af81f1549c9d783f6a06093ddf50a6a2-97716428459973d88ebe.js","239c4314c0741eb449cfa67e4a87867101115adf-f82a6b1e65c9b2669845.js","component---src-pages-administrador-js-ed265109a020a4674473.js"],"component---src-pages-cantina-js":["framework-06a1cf00a5a75559c374.js","styles.2fb5fd6fcc22f539a146.css","1bfc9850-f384555f808691f0eeb1.js","fea89c4c20315d4c8f436969be6a6ef528759b10-1ab160cdae22ae9515f9.js","eee7e3d5fc105a908bec9efe3e975eb69262654f-b1ef4d809d7f6e530f48.js","06d894d9af81f1549c9d783f6a06093ddf50a6a2-97716428459973d88ebe.js","8e26f3d88ded61e0a80c1fa0ac514e63e42fb879-f6c6677ef6b617e815cc.js","component---src-pages-cantina-js-2d28b34c67d62afe73e3.js"],"component---src-pages-franquicias-js":["framework-06a1cf00a5a75559c374.js","styles.2fb5fd6fcc22f539a146.css","1bfc9850-f384555f808691f0eeb1.js","0eceb729-8e9d4c32d7bb1dca7e50.js","fea89c4c20315d4c8f436969be6a6ef528759b10-1ab160cdae22ae9515f9.js","eee7e3d5fc105a908bec9efe3e975eb69262654f-b1ef4d809d7f6e530f48.js","06d894d9af81f1549c9d783f6a06093ddf50a6a2-97716428459973d88ebe.js","239c4314c0741eb449cfa67e4a87867101115adf-f82a6b1e65c9b2669845.js","component---src-pages-franquicias-js-3ab48cbd75df1485c90b.js"],"component---src-pages-index-js":["framework-06a1cf00a5a75559c374.js","styles.2fb5fd6fcc22f539a146.css","1bfc9850-f384555f808691f0eeb1.js","fea89c4c20315d4c8f436969be6a6ef528759b10-1ab160cdae22ae9515f9.js","eee7e3d5fc105a908bec9efe3e975eb69262654f-b1ef4d809d7f6e530f48.js","component---src-pages-index-js-91a50260076a63c85b8e.js"],"component---src-pages-menullorona-js":["1bfc9850-f384555f808691f0eeb1.js","8e26f3d88ded61e0a80c1fa0ac514e63e42fb879-f6c6677ef6b617e815cc.js","component---src-pages-menullorona-js-b5c796c4acd08a5acca0.js"],"component---src-pages-mezcal-js":["framework-06a1cf00a5a75559c374.js","1bfc9850-f384555f808691f0eeb1.js","fea89c4c20315d4c8f436969be6a6ef528759b10-1ab160cdae22ae9515f9.js","eee7e3d5fc105a908bec9efe3e975eb69262654f-b1ef4d809d7f6e530f48.js","component---src-pages-mezcal-js-b333f18d2f1f42cc7f87.js"],"component---src-pages-reserva-js":["framework-06a1cf00a5a75559c374.js","1bfc9850-f384555f808691f0eeb1.js","fea89c4c20315d4c8f436969be6a6ef528759b10-1ab160cdae22ae9515f9.js","eee7e3d5fc105a908bec9efe3e975eb69262654f-b1ef4d809d7f6e530f48.js","component---src-pages-reserva-js-6fee3352afc49dfc7533.js"]},"childAssetsByChunkName":{}}