{"name":"build-javascript","namedChunkGroups":{"polyfill":{"name":"polyfill","assets":[{"name":"webpack-runtime-d76527ba7044c7ebf97f.js","size":6095},{"name":"polyfill-acfecac026b8bd8c2ebf.js","size":85836}],"filteredAssets":0,"assetsSize":91931,"filteredAuxiliaryAssets":2,"auxiliaryAssetsSize":229859},"app":{"name":"app","assets":[{"name":"webpack-runtime-d76527ba7044c7ebf97f.js","size":6095},{"name":"framework-06a1cf00a5a75559c374.js","size":141400},{"name":"styles.14b8e5843b259e32b3d0.css","size":808443},{"name":"app-3f5eacdda455f4e64c86.js","size":210666}],"filteredAssets":0,"assetsSize":1166604,"filteredAuxiliaryAssets":3,"auxiliaryAssetsSize":1105445},"component---src-pages-404-js":{"name":"component---src-pages-404-js","assets":[{"name":"component---src-pages-404-js-0d3eb7679980cf684362.js","size":800}],"filteredAssets":0,"assetsSize":800,"filteredAuxiliaryAssets":1,"auxiliaryAssetsSize":1878},"component---src-pages-administrador-js":{"name":"component---src-pages-administrador-js","assets":[{"name":"framework-06a1cf00a5a75559c374.js","size":141400},{"name":"styles.14b8e5843b259e32b3d0.css","size":808443},{"name":"1bfc9850-f384555f808691f0eeb1.js","size":2260},{"name":"0eceb729-8e9d4c32d7bb1dca7e50.js","size":11903},{"name":"cc2da1f77f620afd78dd3d709ccfd100bcc3d7af-3d6278911710ad0dfcb3.js","size":10915},{"name":"9dc565fe55510f1d4b178fa8f74c360b753f8c95-6f184351d3b473e36c43.js","size":53791},{"name":"129462764835e56144e21266cf9e441dd356b4b3-0d8ff8834beb59de8d00.js","size":909812},{"name":"239c4314c0741eb449cfa67e4a87867101115adf-f589890137acce8bbaac.js","size":133164},{"name":"8b3d721f1162e5d2c9b354fd978872404680c7e8-8c17142af076a830fc3b.js","size":55724},{"name":"component---src-pages-administrador-js-3b24d878fb579e20c1f5.js","size":645542}],"filteredAssets":0,"assetsSize":2772954,"filteredAuxiliaryAssets":10,"auxiliaryAssetsSize":11040111},"component---src-pages-cantina-js":{"name":"component---src-pages-cantina-js","assets":[{"name":"framework-06a1cf00a5a75559c374.js","size":141400},{"name":"styles.14b8e5843b259e32b3d0.css","size":808443},{"name":"1bfc9850-f384555f808691f0eeb1.js","size":2260},{"name":"cc2da1f77f620afd78dd3d709ccfd100bcc3d7af-3d6278911710ad0dfcb3.js","size":10915},{"name":"eee7e3d5fc105a908bec9efe3e975eb69262654f-b1ef4d809d7f6e530f48.js","size":72025},{"name":"9dc565fe55510f1d4b178fa8f74c360b753f8c95-6f184351d3b473e36c43.js","size":53791},{"name":"8e26f3d88ded61e0a80c1fa0ac514e63e42fb879-f6c6677ef6b617e815cc.js","size":18902},{"name":"component---src-pages-cantina-js-148dff455b0da7d2d57c.js","size":35248}],"filteredAssets":0,"assetsSize":1142984,"filteredAuxiliaryAssets":8,"auxiliaryAssetsSize":4104719},"component---src-pages-franquicias-js":{"name":"component---src-pages-franquicias-js","assets":[{"name":"framework-06a1cf00a5a75559c374.js","size":141400},{"name":"styles.14b8e5843b259e32b3d0.css","size":808443},{"name":"1bfc9850-f384555f808691f0eeb1.js","size":2260},{"name":"0eceb729-8e9d4c32d7bb1dca7e50.js","size":11903},{"name":"cc2da1f77f620afd78dd3d709ccfd100bcc3d7af-3d6278911710ad0dfcb3.js","size":10915},{"name":"eee7e3d5fc105a908bec9efe3e975eb69262654f-b1ef4d809d7f6e530f48.js","size":72025},{"name":"9dc565fe55510f1d4b178fa8f74c360b753f8c95-6f184351d3b473e36c43.js","size":53791},{"name":"129462764835e56144e21266cf9e441dd356b4b3-0d8ff8834beb59de8d00.js","size":909812},{"name":"239c4314c0741eb449cfa67e4a87867101115adf-f589890137acce8bbaac.js","size":133164},{"name":"component---src-pages-franquicias-js-bb3314c3c13ee479dcb4.js","size":12406}],"filteredAssets":0,"assetsSize":2156119,"filteredAuxiliaryAssets":10,"auxiliaryAssetsSize":8628260},"component---src-pages-hoteles-js":{"name":"component---src-pages-hoteles-js","assets":[{"name":"styles.14b8e5843b259e32b3d0.css","size":808443},{"name":"1bfc9850-f384555f808691f0eeb1.js","size":2260},{"name":"0eceb729-8e9d4c32d7bb1dca7e50.js","size":11903},{"name":"cc2da1f77f620afd78dd3d709ccfd100bcc3d7af-3d6278911710ad0dfcb3.js","size":10915},{"name":"9dc565fe55510f1d4b178fa8f74c360b753f8c95-6f184351d3b473e36c43.js","size":53791},{"name":"129462764835e56144e21266cf9e441dd356b4b3-0d8ff8834beb59de8d00.js","size":909812},{"name":"8b3d721f1162e5d2c9b354fd978872404680c7e8-8c17142af076a830fc3b.js","size":55724},{"name":"component---src-pages-hoteles-js-3d63e2de89e3e8d392b5.js","size":3706}],"filteredAssets":0,"assetsSize":1856554,"filteredAuxiliaryAssets":8,"auxiliaryAssetsSize":7579986},"component---src-pages-index-js":{"name":"component---src-pages-index-js","assets":[{"name":"framework-06a1cf00a5a75559c374.js","size":141400},{"name":"styles.14b8e5843b259e32b3d0.css","size":808443},{"name":"1bfc9850-f384555f808691f0eeb1.js","size":2260},{"name":"cc2da1f77f620afd78dd3d709ccfd100bcc3d7af-3d6278911710ad0dfcb3.js","size":10915},{"name":"eee7e3d5fc105a908bec9efe3e975eb69262654f-b1ef4d809d7f6e530f48.js","size":72025},{"name":"component---src-pages-index-js-878be7130965d01e64f9.js","size":4399}],"filteredAssets":0,"assetsSize":1039442,"filteredAuxiliaryAssets":6,"auxiliaryAssetsSize":3675402},"component---src-pages-menullorona-js":{"name":"component---src-pages-menullorona-js","assets":[{"name":"1bfc9850-f384555f808691f0eeb1.js","size":2260},{"name":"8e26f3d88ded61e0a80c1fa0ac514e63e42fb879-f6c6677ef6b617e815cc.js","size":18902},{"name":"component---src-pages-menullorona-js-b5c796c4acd08a5acca0.js","size":15124}],"filteredAssets":0,"assetsSize":36286,"filteredAuxiliaryAssets":20,"auxiliaryAssetsSize":13349656},"component---src-pages-mezcal-js":{"name":"component---src-pages-mezcal-js","assets":[{"name":"framework-06a1cf00a5a75559c374.js","size":141400},{"name":"1bfc9850-f384555f808691f0eeb1.js","size":2260},{"name":"cc2da1f77f620afd78dd3d709ccfd100bcc3d7af-3d6278911710ad0dfcb3.js","size":10915},{"name":"eee7e3d5fc105a908bec9efe3e975eb69262654f-b1ef4d809d7f6e530f48.js","size":72025},{"name":"component---src-pages-mezcal-js-b333f18d2f1f42cc7f87.js","size":8527}],"filteredAssets":0,"assetsSize":235127,"filteredAuxiliaryAssets":6,"auxiliaryAssetsSize":3682808},"component---src-pages-reserva-js":{"name":"component---src-pages-reserva-js","assets":[{"name":"framework-06a1cf00a5a75559c374.js","size":141400},{"name":"1bfc9850-f384555f808691f0eeb1.js","size":2260},{"name":"cc2da1f77f620afd78dd3d709ccfd100bcc3d7af-3d6278911710ad0dfcb3.js","size":10915},{"name":"eee7e3d5fc105a908bec9efe3e975eb69262654f-b1ef4d809d7f6e530f48.js","size":72025},{"name":"component---src-pages-reserva-js-6fee3352afc49dfc7533.js","size":13397}],"filteredAssets":0,"assetsSize":239997,"filteredAuxiliaryAssets":6,"auxiliaryAssetsSize":3698492}},"assetsByChunkName":{"polyfill":["webpack-runtime-d76527ba7044c7ebf97f.js","polyfill-acfecac026b8bd8c2ebf.js"],"app":["webpack-runtime-d76527ba7044c7ebf97f.js","framework-06a1cf00a5a75559c374.js","styles.14b8e5843b259e32b3d0.css","app-3f5eacdda455f4e64c86.js"],"component---src-pages-404-js":["component---src-pages-404-js-0d3eb7679980cf684362.js"],"component---src-pages-administrador-js":["framework-06a1cf00a5a75559c374.js","styles.14b8e5843b259e32b3d0.css","1bfc9850-f384555f808691f0eeb1.js","0eceb729-8e9d4c32d7bb1dca7e50.js","cc2da1f77f620afd78dd3d709ccfd100bcc3d7af-3d6278911710ad0dfcb3.js","9dc565fe55510f1d4b178fa8f74c360b753f8c95-6f184351d3b473e36c43.js","129462764835e56144e21266cf9e441dd356b4b3-0d8ff8834beb59de8d00.js","239c4314c0741eb449cfa67e4a87867101115adf-f589890137acce8bbaac.js","8b3d721f1162e5d2c9b354fd978872404680c7e8-8c17142af076a830fc3b.js","component---src-pages-administrador-js-3b24d878fb579e20c1f5.js"],"component---src-pages-cantina-js":["framework-06a1cf00a5a75559c374.js","styles.14b8e5843b259e32b3d0.css","1bfc9850-f384555f808691f0eeb1.js","cc2da1f77f620afd78dd3d709ccfd100bcc3d7af-3d6278911710ad0dfcb3.js","eee7e3d5fc105a908bec9efe3e975eb69262654f-b1ef4d809d7f6e530f48.js","9dc565fe55510f1d4b178fa8f74c360b753f8c95-6f184351d3b473e36c43.js","8e26f3d88ded61e0a80c1fa0ac514e63e42fb879-f6c6677ef6b617e815cc.js","component---src-pages-cantina-js-148dff455b0da7d2d57c.js"],"component---src-pages-franquicias-js":["framework-06a1cf00a5a75559c374.js","styles.14b8e5843b259e32b3d0.css","1bfc9850-f384555f808691f0eeb1.js","0eceb729-8e9d4c32d7bb1dca7e50.js","cc2da1f77f620afd78dd3d709ccfd100bcc3d7af-3d6278911710ad0dfcb3.js","eee7e3d5fc105a908bec9efe3e975eb69262654f-b1ef4d809d7f6e530f48.js","9dc565fe55510f1d4b178fa8f74c360b753f8c95-6f184351d3b473e36c43.js","129462764835e56144e21266cf9e441dd356b4b3-0d8ff8834beb59de8d00.js","239c4314c0741eb449cfa67e4a87867101115adf-f589890137acce8bbaac.js","component---src-pages-franquicias-js-bb3314c3c13ee479dcb4.js"],"component---src-pages-hoteles-js":["styles.14b8e5843b259e32b3d0.css","1bfc9850-f384555f808691f0eeb1.js","0eceb729-8e9d4c32d7bb1dca7e50.js","cc2da1f77f620afd78dd3d709ccfd100bcc3d7af-3d6278911710ad0dfcb3.js","9dc565fe55510f1d4b178fa8f74c360b753f8c95-6f184351d3b473e36c43.js","129462764835e56144e21266cf9e441dd356b4b3-0d8ff8834beb59de8d00.js","8b3d721f1162e5d2c9b354fd978872404680c7e8-8c17142af076a830fc3b.js","component---src-pages-hoteles-js-3d63e2de89e3e8d392b5.js"],"component---src-pages-index-js":["framework-06a1cf00a5a75559c374.js","styles.14b8e5843b259e32b3d0.css","1bfc9850-f384555f808691f0eeb1.js","cc2da1f77f620afd78dd3d709ccfd100bcc3d7af-3d6278911710ad0dfcb3.js","eee7e3d5fc105a908bec9efe3e975eb69262654f-b1ef4d809d7f6e530f48.js","component---src-pages-index-js-878be7130965d01e64f9.js"],"component---src-pages-menullorona-js":["1bfc9850-f384555f808691f0eeb1.js","8e26f3d88ded61e0a80c1fa0ac514e63e42fb879-f6c6677ef6b617e815cc.js","component---src-pages-menullorona-js-b5c796c4acd08a5acca0.js"],"component---src-pages-mezcal-js":["framework-06a1cf00a5a75559c374.js","1bfc9850-f384555f808691f0eeb1.js","cc2da1f77f620afd78dd3d709ccfd100bcc3d7af-3d6278911710ad0dfcb3.js","eee7e3d5fc105a908bec9efe3e975eb69262654f-b1ef4d809d7f6e530f48.js","component---src-pages-mezcal-js-b333f18d2f1f42cc7f87.js"],"component---src-pages-reserva-js":["framework-06a1cf00a5a75559c374.js","1bfc9850-f384555f808691f0eeb1.js","cc2da1f77f620afd78dd3d709ccfd100bcc3d7af-3d6278911710ad0dfcb3.js","eee7e3d5fc105a908bec9efe3e975eb69262654f-b1ef4d809d7f6e530f48.js","component---src-pages-reserva-js-6fee3352afc49dfc7533.js"]},"childAssetsByChunkName":{}}