{"name":"build-javascript","namedChunkGroups":{"polyfill":{"name":"polyfill","assets":[{"name":"webpack-runtime-c3fb163545b907577eb5.js","size":5583},{"name":"polyfill-acfecac026b8bd8c2ebf.js","size":85836}],"filteredAssets":0,"assetsSize":91419,"filteredAuxiliaryAssets":2,"auxiliaryAssetsSize":229001},"app":{"name":"app","assets":[{"name":"webpack-runtime-c3fb163545b907577eb5.js","size":5583},{"name":"framework-06a1cf00a5a75559c374.js","size":141400},{"name":"styles.ceea43c85f2e3685a6a8.css","size":698361},{"name":"app-edd55314b1aca77877b7.js","size":173641}],"filteredAssets":0,"assetsSize":1018985,"filteredAuxiliaryAssets":3,"auxiliaryAssetsSize":990394},"component---src-pages-404-js":{"name":"component---src-pages-404-js","assets":[{"name":"component---src-pages-404-js-0d3eb7679980cf684362.js","size":800}],"filteredAssets":0,"assetsSize":800,"filteredAuxiliaryAssets":1,"auxiliaryAssetsSize":1878},"component---src-pages-administrador-js":{"name":"component---src-pages-administrador-js","assets":[{"name":"framework-06a1cf00a5a75559c374.js","size":141400},{"name":"styles.ceea43c85f2e3685a6a8.css","size":698361},{"name":"1bfc9850-f384555f808691f0eeb1.js","size":2260},{"name":"0eceb729-8e9d4c32d7bb1dca7e50.js","size":11903},{"name":"16ec6d317247f25975c2cf48d250adbb9492b789-6c0c0d25e4627b1d81a1.js","size":45206},{"name":"component---src-pages-administrador-js-e221ce91ff4c4c67ee28.js","size":1167659}],"filteredAssets":0,"assetsSize":2066789,"filteredAuxiliaryAssets":6,"auxiliaryAssetsSize":8512539},"component---src-pages-franquicias-js":{"name":"component---src-pages-franquicias-js","assets":[{"name":"framework-06a1cf00a5a75559c374.js","size":141400},{"name":"styles.ceea43c85f2e3685a6a8.css","size":698361},{"name":"1bfc9850-f384555f808691f0eeb1.js","size":2260},{"name":"16ec6d317247f25975c2cf48d250adbb9492b789-6c0c0d25e4627b1d81a1.js","size":45206},{"name":"dce39c00396b4c0b0abe57588ae0f1674566ca4e-7663a8e39d93e62710d8.js","size":73732},{"name":"component---src-pages-franquicias-js-958211f8c7e786160150.js","size":7503}],"filteredAssets":0,"assetsSize":968462,"filteredAuxiliaryAssets":6,"auxiliaryAssetsSize":3789908},"component---src-pages-index-js":{"name":"component---src-pages-index-js","assets":[{"name":"framework-06a1cf00a5a75559c374.js","size":141400},{"name":"styles.ceea43c85f2e3685a6a8.css","size":698361},{"name":"1bfc9850-f384555f808691f0eeb1.js","size":2260},{"name":"16ec6d317247f25975c2cf48d250adbb9492b789-6c0c0d25e4627b1d81a1.js","size":45206},{"name":"dce39c00396b4c0b0abe57588ae0f1674566ca4e-7663a8e39d93e62710d8.js","size":73732},{"name":"component---src-pages-index-js-39d4a0aa6ec441f8e766.js","size":4462}],"filteredAssets":0,"assetsSize":965421,"filteredAuxiliaryAssets":6,"auxiliaryAssetsSize":3786122},"component---src-pages-menullorona-js":{"name":"component---src-pages-menullorona-js","assets":[{"name":"1bfc9850-f384555f808691f0eeb1.js","size":2260},{"name":"16ec6d317247f25975c2cf48d250adbb9492b789-6c0c0d25e4627b1d81a1.js","size":45206},{"name":"component---src-pages-menullorona-js-8eb818e8645f433074a5.js","size":23545}],"filteredAssets":0,"assetsSize":71011,"filteredAuxiliaryAssets":24,"auxiliaryAssetsSize":15858953},"component---src-pages-mezcal-js":{"name":"component---src-pages-mezcal-js","assets":[{"name":"framework-06a1cf00a5a75559c374.js","size":141400},{"name":"1bfc9850-f384555f808691f0eeb1.js","size":2260},{"name":"16ec6d317247f25975c2cf48d250adbb9492b789-6c0c0d25e4627b1d81a1.js","size":45206},{"name":"dce39c00396b4c0b0abe57588ae0f1674566ca4e-7663a8e39d93e62710d8.js","size":73732},{"name":"component---src-pages-mezcal-js-1185a00f77b690634118.js","size":9451}],"filteredAssets":0,"assetsSize":272049,"filteredAuxiliaryAssets":6,"auxiliaryAssetsSize":3794760},"component---src-pages-reserva-js":{"name":"component---src-pages-reserva-js","assets":[{"name":"framework-06a1cf00a5a75559c374.js","size":141400},{"name":"1bfc9850-f384555f808691f0eeb1.js","size":2260},{"name":"16ec6d317247f25975c2cf48d250adbb9492b789-6c0c0d25e4627b1d81a1.js","size":45206},{"name":"dce39c00396b4c0b0abe57588ae0f1674566ca4e-7663a8e39d93e62710d8.js","size":73732},{"name":"component---src-pages-reserva-js-6d6c25ac1082d724e8bd.js","size":12847}],"filteredAssets":0,"assetsSize":275445,"filteredAuxiliaryAssets":6,"auxiliaryAssetsSize":3808348}},"assetsByChunkName":{"polyfill":["webpack-runtime-c3fb163545b907577eb5.js","polyfill-acfecac026b8bd8c2ebf.js"],"app":["webpack-runtime-c3fb163545b907577eb5.js","framework-06a1cf00a5a75559c374.js","styles.ceea43c85f2e3685a6a8.css","app-edd55314b1aca77877b7.js"],"component---src-pages-404-js":["component---src-pages-404-js-0d3eb7679980cf684362.js"],"component---src-pages-administrador-js":["framework-06a1cf00a5a75559c374.js","styles.ceea43c85f2e3685a6a8.css","1bfc9850-f384555f808691f0eeb1.js","0eceb729-8e9d4c32d7bb1dca7e50.js","16ec6d317247f25975c2cf48d250adbb9492b789-6c0c0d25e4627b1d81a1.js","component---src-pages-administrador-js-e221ce91ff4c4c67ee28.js"],"component---src-pages-franquicias-js":["framework-06a1cf00a5a75559c374.js","styles.ceea43c85f2e3685a6a8.css","1bfc9850-f384555f808691f0eeb1.js","16ec6d317247f25975c2cf48d250adbb9492b789-6c0c0d25e4627b1d81a1.js","dce39c00396b4c0b0abe57588ae0f1674566ca4e-7663a8e39d93e62710d8.js","component---src-pages-franquicias-js-958211f8c7e786160150.js"],"component---src-pages-index-js":["framework-06a1cf00a5a75559c374.js","styles.ceea43c85f2e3685a6a8.css","1bfc9850-f384555f808691f0eeb1.js","16ec6d317247f25975c2cf48d250adbb9492b789-6c0c0d25e4627b1d81a1.js","dce39c00396b4c0b0abe57588ae0f1674566ca4e-7663a8e39d93e62710d8.js","component---src-pages-index-js-39d4a0aa6ec441f8e766.js"],"component---src-pages-menullorona-js":["1bfc9850-f384555f808691f0eeb1.js","16ec6d317247f25975c2cf48d250adbb9492b789-6c0c0d25e4627b1d81a1.js","component---src-pages-menullorona-js-8eb818e8645f433074a5.js"],"component---src-pages-mezcal-js":["framework-06a1cf00a5a75559c374.js","1bfc9850-f384555f808691f0eeb1.js","16ec6d317247f25975c2cf48d250adbb9492b789-6c0c0d25e4627b1d81a1.js","dce39c00396b4c0b0abe57588ae0f1674566ca4e-7663a8e39d93e62710d8.js","component---src-pages-mezcal-js-1185a00f77b690634118.js"],"component---src-pages-reserva-js":["framework-06a1cf00a5a75559c374.js","1bfc9850-f384555f808691f0eeb1.js","16ec6d317247f25975c2cf48d250adbb9492b789-6c0c0d25e4627b1d81a1.js","dce39c00396b4c0b0abe57588ae0f1674566ca4e-7663a8e39d93e62710d8.js","component---src-pages-reserva-js-6d6c25ac1082d724e8bd.js"]},"childAssetsByChunkName":{}}