{"name":"build-javascript","namedChunkGroups":{"polyfill":{"name":"polyfill","assets":[{"name":"webpack-runtime-01ef3cfd36a78db7ce0f.js","size":6234},{"name":"polyfill-acfecac026b8bd8c2ebf.js","size":85836}],"filteredAssets":0,"assetsSize":92070,"filteredAuxiliaryAssets":2,"auxiliaryAssetsSize":230070},"app":{"name":"app","assets":[{"name":"webpack-runtime-01ef3cfd36a78db7ce0f.js","size":6234},{"name":"styles.77300b27e85d5ee8c902.css","size":808443},{"name":"framework-06a1cf00a5a75559c374.js","size":141400},{"name":"app-d0c1a4c43d9e261a9e45.js","size":210928}],"filteredAssets":0,"assetsSize":1167005,"filteredAuxiliaryAssets":3,"auxiliaryAssetsSize":1105832},"component---src-pages-404-js":{"name":"component---src-pages-404-js","assets":[{"name":"component---src-pages-404-js-0d3eb7679980cf684362.js","size":800}],"filteredAssets":0,"assetsSize":800,"filteredAuxiliaryAssets":1,"auxiliaryAssetsSize":1878},"component---src-pages-administrador-js":{"name":"component---src-pages-administrador-js","assets":[{"name":"styles.77300b27e85d5ee8c902.css","size":808443},{"name":"framework-06a1cf00a5a75559c374.js","size":141400},{"name":"1bfc9850-f384555f808691f0eeb1.js","size":2260},{"name":"0eceb729-8e9d4c32d7bb1dca7e50.js","size":11903},{"name":"45390772cb503be197ca5d516bb9096c162adbb8-3313fd4295b0da288629.js","size":10914},{"name":"faeb1f1229f668d59c54b57aba9192b034e8c93a-afbafcb94f43b6049306.js","size":56018},{"name":"8ad1ec28580b50ebc610c594c2071684fd7119fe-b923fcb614fe0736f53d.js","size":969328},{"name":"96a2fcdd2b91dc58b7f0a9d96eb01e6b92af4e1f-772be1b5a69a45a12202.js","size":183282},{"name":"3996349da379667f6b5912abc16b3cf510112faf-b2143b7365f64c2c58e5.js","size":25329},{"name":"239c4314c0741eb449cfa67e4a87867101115adf-270c4858e146d0c6f5c0.js","size":44657},{"name":"component---src-pages-administrador-js-58f916bb3f3c0fd2a76a.js","size":512762}],"filteredAssets":0,"assetsSize":2766296,"filteredAuxiliaryAssets":11,"auxiliaryAssetsSize":11026587},"component---src-pages-cantina-js":{"name":"component---src-pages-cantina-js","assets":[{"name":"styles.77300b27e85d5ee8c902.css","size":808443},{"name":"framework-06a1cf00a5a75559c374.js","size":141400},{"name":"1bfc9850-f384555f808691f0eeb1.js","size":2260},{"name":"45390772cb503be197ca5d516bb9096c162adbb8-3313fd4295b0da288629.js","size":10914},{"name":"eee7e3d5fc105a908bec9efe3e975eb69262654f-b1ef4d809d7f6e530f48.js","size":72025},{"name":"faeb1f1229f668d59c54b57aba9192b034e8c93a-afbafcb94f43b6049306.js","size":56018},{"name":"8e26f3d88ded61e0a80c1fa0ac514e63e42fb879-f6c6677ef6b617e815cc.js","size":18902},{"name":"component---src-pages-cantina-js-0a9894dfad0ac0c311ea.js","size":33035}],"filteredAssets":0,"assetsSize":1142997,"filteredAuxiliaryAssets":8,"auxiliaryAssetsSize":4104713},"component---src-pages-franquicias-js":{"name":"component---src-pages-franquicias-js","assets":[{"name":"styles.77300b27e85d5ee8c902.css","size":808443},{"name":"framework-06a1cf00a5a75559c374.js","size":141400},{"name":"1bfc9850-f384555f808691f0eeb1.js","size":2260},{"name":"0eceb729-8e9d4c32d7bb1dca7e50.js","size":11903},{"name":"45390772cb503be197ca5d516bb9096c162adbb8-3313fd4295b0da288629.js","size":10914},{"name":"eee7e3d5fc105a908bec9efe3e975eb69262654f-b1ef4d809d7f6e530f48.js","size":72025},{"name":"faeb1f1229f668d59c54b57aba9192b034e8c93a-afbafcb94f43b6049306.js","size":56018},{"name":"8ad1ec28580b50ebc610c594c2071684fd7119fe-b923fcb614fe0736f53d.js","size":969328},{"name":"3996349da379667f6b5912abc16b3cf510112faf-b2143b7365f64c2c58e5.js","size":25329},{"name":"239c4314c0741eb449cfa67e4a87867101115adf-270c4858e146d0c6f5c0.js","size":44657},{"name":"component---src-pages-franquicias-js-4be920409699b1f4eea9.js","size":12406}],"filteredAssets":0,"assetsSize":2154683,"filteredAuxiliaryAssets":11,"auxiliaryAssetsSize":8630831},"component---src-pages-hoteles-js":{"name":"component---src-pages-hoteles-js","assets":[{"name":"styles.77300b27e85d5ee8c902.css","size":808443},{"name":"1bfc9850-f384555f808691f0eeb1.js","size":2260},{"name":"0eceb729-8e9d4c32d7bb1dca7e50.js","size":11903},{"name":"45390772cb503be197ca5d516bb9096c162adbb8-3313fd4295b0da288629.js","size":10914},{"name":"faeb1f1229f668d59c54b57aba9192b034e8c93a-afbafcb94f43b6049306.js","size":56018},{"name":"8ad1ec28580b50ebc610c594c2071684fd7119fe-b923fcb614fe0736f53d.js","size":969328},{"name":"96a2fcdd2b91dc58b7f0a9d96eb01e6b92af4e1f-772be1b5a69a45a12202.js","size":183282},{"name":"component---src-pages-hoteles-js-b71204bcd90b349a7670.js","size":7934}],"filteredAssets":0,"assetsSize":2050082,"filteredAuxiliaryAssets":8,"auxiliaryAssetsSize":8417173},"component---src-pages-index-js":{"name":"component---src-pages-index-js","assets":[{"name":"styles.77300b27e85d5ee8c902.css","size":808443},{"name":"framework-06a1cf00a5a75559c374.js","size":141400},{"name":"1bfc9850-f384555f808691f0eeb1.js","size":2260},{"name":"45390772cb503be197ca5d516bb9096c162adbb8-3313fd4295b0da288629.js","size":10914},{"name":"eee7e3d5fc105a908bec9efe3e975eb69262654f-b1ef4d809d7f6e530f48.js","size":72025},{"name":"component---src-pages-index-js-878be7130965d01e64f9.js","size":4399}],"filteredAssets":0,"assetsSize":1039441,"filteredAuxiliaryAssets":6,"auxiliaryAssetsSize":3675402},"component---src-pages-menullorona-js":{"name":"component---src-pages-menullorona-js","assets":[{"name":"1bfc9850-f384555f808691f0eeb1.js","size":2260},{"name":"8e26f3d88ded61e0a80c1fa0ac514e63e42fb879-f6c6677ef6b617e815cc.js","size":18902},{"name":"component---src-pages-menullorona-js-66525019cf701c5b75e6.js","size":15112}],"filteredAssets":0,"assetsSize":36274,"filteredAuxiliaryAssets":20,"auxiliaryAssetsSize":11905077},"component---src-pages-mezcal-js":{"name":"component---src-pages-mezcal-js","assets":[{"name":"framework-06a1cf00a5a75559c374.js","size":141400},{"name":"1bfc9850-f384555f808691f0eeb1.js","size":2260},{"name":"45390772cb503be197ca5d516bb9096c162adbb8-3313fd4295b0da288629.js","size":10914},{"name":"eee7e3d5fc105a908bec9efe3e975eb69262654f-b1ef4d809d7f6e530f48.js","size":72025},{"name":"component---src-pages-mezcal-js-b333f18d2f1f42cc7f87.js","size":8527}],"filteredAssets":0,"assetsSize":235126,"filteredAuxiliaryAssets":6,"auxiliaryAssetsSize":3682808},"component---src-pages-producto-js":{"name":"component---src-pages-producto-js","assets":[{"name":"styles.77300b27e85d5ee8c902.css","size":808443},{"name":"1bfc9850-f384555f808691f0eeb1.js","size":2260},{"name":"0eceb729-8e9d4c32d7bb1dca7e50.js","size":11903},{"name":"45390772cb503be197ca5d516bb9096c162adbb8-3313fd4295b0da288629.js","size":10914},{"name":"faeb1f1229f668d59c54b57aba9192b034e8c93a-afbafcb94f43b6049306.js","size":56018},{"name":"8ad1ec28580b50ebc610c594c2071684fd7119fe-b923fcb614fe0736f53d.js","size":969328},{"name":"96a2fcdd2b91dc58b7f0a9d96eb01e6b92af4e1f-772be1b5a69a45a12202.js","size":183282},{"name":"3996349da379667f6b5912abc16b3cf510112faf-b2143b7365f64c2c58e5.js","size":25329},{"name":"component---src-pages-producto-js-c5f987830099d0e72321.js","size":8347}],"filteredAssets":0,"assetsSize":2075824,"filteredAuxiliaryAssets":9,"auxiliaryAssetsSize":8521361},"component---src-pages-reserva-js":{"name":"component---src-pages-reserva-js","assets":[{"name":"framework-06a1cf00a5a75559c374.js","size":141400},{"name":"1bfc9850-f384555f808691f0eeb1.js","size":2260},{"name":"45390772cb503be197ca5d516bb9096c162adbb8-3313fd4295b0da288629.js","size":10914},{"name":"eee7e3d5fc105a908bec9efe3e975eb69262654f-b1ef4d809d7f6e530f48.js","size":72025},{"name":"component---src-pages-reserva-js-6fee3352afc49dfc7533.js","size":13397}],"filteredAssets":0,"assetsSize":239996,"filteredAuxiliaryAssets":6,"auxiliaryAssetsSize":3698492}},"assetsByChunkName":{"polyfill":["webpack-runtime-01ef3cfd36a78db7ce0f.js","polyfill-acfecac026b8bd8c2ebf.js"],"app":["webpack-runtime-01ef3cfd36a78db7ce0f.js","styles.77300b27e85d5ee8c902.css","framework-06a1cf00a5a75559c374.js","app-d0c1a4c43d9e261a9e45.js"],"component---src-pages-404-js":["component---src-pages-404-js-0d3eb7679980cf684362.js"],"component---src-pages-administrador-js":["styles.77300b27e85d5ee8c902.css","framework-06a1cf00a5a75559c374.js","1bfc9850-f384555f808691f0eeb1.js","0eceb729-8e9d4c32d7bb1dca7e50.js","45390772cb503be197ca5d516bb9096c162adbb8-3313fd4295b0da288629.js","faeb1f1229f668d59c54b57aba9192b034e8c93a-afbafcb94f43b6049306.js","8ad1ec28580b50ebc610c594c2071684fd7119fe-b923fcb614fe0736f53d.js","96a2fcdd2b91dc58b7f0a9d96eb01e6b92af4e1f-772be1b5a69a45a12202.js","3996349da379667f6b5912abc16b3cf510112faf-b2143b7365f64c2c58e5.js","239c4314c0741eb449cfa67e4a87867101115adf-270c4858e146d0c6f5c0.js","component---src-pages-administrador-js-58f916bb3f3c0fd2a76a.js"],"component---src-pages-cantina-js":["styles.77300b27e85d5ee8c902.css","framework-06a1cf00a5a75559c374.js","1bfc9850-f384555f808691f0eeb1.js","45390772cb503be197ca5d516bb9096c162adbb8-3313fd4295b0da288629.js","eee7e3d5fc105a908bec9efe3e975eb69262654f-b1ef4d809d7f6e530f48.js","faeb1f1229f668d59c54b57aba9192b034e8c93a-afbafcb94f43b6049306.js","8e26f3d88ded61e0a80c1fa0ac514e63e42fb879-f6c6677ef6b617e815cc.js","component---src-pages-cantina-js-0a9894dfad0ac0c311ea.js"],"component---src-pages-franquicias-js":["styles.77300b27e85d5ee8c902.css","framework-06a1cf00a5a75559c374.js","1bfc9850-f384555f808691f0eeb1.js","0eceb729-8e9d4c32d7bb1dca7e50.js","45390772cb503be197ca5d516bb9096c162adbb8-3313fd4295b0da288629.js","eee7e3d5fc105a908bec9efe3e975eb69262654f-b1ef4d809d7f6e530f48.js","faeb1f1229f668d59c54b57aba9192b034e8c93a-afbafcb94f43b6049306.js","8ad1ec28580b50ebc610c594c2071684fd7119fe-b923fcb614fe0736f53d.js","3996349da379667f6b5912abc16b3cf510112faf-b2143b7365f64c2c58e5.js","239c4314c0741eb449cfa67e4a87867101115adf-270c4858e146d0c6f5c0.js","component---src-pages-franquicias-js-4be920409699b1f4eea9.js"],"component---src-pages-hoteles-js":["styles.77300b27e85d5ee8c902.css","1bfc9850-f384555f808691f0eeb1.js","0eceb729-8e9d4c32d7bb1dca7e50.js","45390772cb503be197ca5d516bb9096c162adbb8-3313fd4295b0da288629.js","faeb1f1229f668d59c54b57aba9192b034e8c93a-afbafcb94f43b6049306.js","8ad1ec28580b50ebc610c594c2071684fd7119fe-b923fcb614fe0736f53d.js","96a2fcdd2b91dc58b7f0a9d96eb01e6b92af4e1f-772be1b5a69a45a12202.js","component---src-pages-hoteles-js-b71204bcd90b349a7670.js"],"component---src-pages-index-js":["styles.77300b27e85d5ee8c902.css","framework-06a1cf00a5a75559c374.js","1bfc9850-f384555f808691f0eeb1.js","45390772cb503be197ca5d516bb9096c162adbb8-3313fd4295b0da288629.js","eee7e3d5fc105a908bec9efe3e975eb69262654f-b1ef4d809d7f6e530f48.js","component---src-pages-index-js-878be7130965d01e64f9.js"],"component---src-pages-menullorona-js":["1bfc9850-f384555f808691f0eeb1.js","8e26f3d88ded61e0a80c1fa0ac514e63e42fb879-f6c6677ef6b617e815cc.js","component---src-pages-menullorona-js-66525019cf701c5b75e6.js"],"component---src-pages-mezcal-js":["framework-06a1cf00a5a75559c374.js","1bfc9850-f384555f808691f0eeb1.js","45390772cb503be197ca5d516bb9096c162adbb8-3313fd4295b0da288629.js","eee7e3d5fc105a908bec9efe3e975eb69262654f-b1ef4d809d7f6e530f48.js","component---src-pages-mezcal-js-b333f18d2f1f42cc7f87.js"],"component---src-pages-producto-js":["styles.77300b27e85d5ee8c902.css","1bfc9850-f384555f808691f0eeb1.js","0eceb729-8e9d4c32d7bb1dca7e50.js","45390772cb503be197ca5d516bb9096c162adbb8-3313fd4295b0da288629.js","faeb1f1229f668d59c54b57aba9192b034e8c93a-afbafcb94f43b6049306.js","8ad1ec28580b50ebc610c594c2071684fd7119fe-b923fcb614fe0736f53d.js","96a2fcdd2b91dc58b7f0a9d96eb01e6b92af4e1f-772be1b5a69a45a12202.js","3996349da379667f6b5912abc16b3cf510112faf-b2143b7365f64c2c58e5.js","component---src-pages-producto-js-c5f987830099d0e72321.js"],"component---src-pages-reserva-js":["framework-06a1cf00a5a75559c374.js","1bfc9850-f384555f808691f0eeb1.js","45390772cb503be197ca5d516bb9096c162adbb8-3313fd4295b0da288629.js","eee7e3d5fc105a908bec9efe3e975eb69262654f-b1ef4d809d7f6e530f48.js","component---src-pages-reserva-js-6fee3352afc49dfc7533.js"]},"childAssetsByChunkName":{}}