{"name":"build-javascript","namedChunkGroups":{"polyfill":{"name":"polyfill","assets":[{"name":"webpack-runtime-0be92b512ed460ddf0c3.js","size":5669},{"name":"polyfill-acfecac026b8bd8c2ebf.js","size":85836}],"filteredAssets":0,"assetsSize":91505,"filteredAuxiliaryAssets":2,"auxiliaryAssetsSize":229217},"app":{"name":"app","assets":[{"name":"webpack-runtime-0be92b512ed460ddf0c3.js","size":5669},{"name":"framework-06a1cf00a5a75559c374.js","size":141400},{"name":"styles.2479a8afd722aee3891c.css","size":727900},{"name":"app-a50933f642246236aaad.js","size":210200}],"filteredAssets":0,"assetsSize":1085169,"filteredAuxiliaryAssets":3,"auxiliaryAssetsSize":1104451},"component---src-pages-404-js":{"name":"component---src-pages-404-js","assets":[{"name":"component---src-pages-404-js-0d3eb7679980cf684362.js","size":800}],"filteredAssets":0,"assetsSize":800,"filteredAuxiliaryAssets":1,"auxiliaryAssetsSize":1878},"component---src-pages-administrador-js":{"name":"component---src-pages-administrador-js","assets":[{"name":"framework-06a1cf00a5a75559c374.js","size":141400},{"name":"styles.2479a8afd722aee3891c.css","size":727900},{"name":"1bfc9850-f384555f808691f0eeb1.js","size":2260},{"name":"0eceb729-8e9d4c32d7bb1dca7e50.js","size":11903},{"name":"d27b29b34a6ec17d3e0abbf7755fcca0ac474a39-66c57e5d768a1cd7dc80.js","size":10877},{"name":"239c4314c0741eb449cfa67e4a87867101115adf-211c46cc9b968b6ebd71.js","size":1089681},{"name":"component---src-pages-administrador-js-c326a74fd254c0b0d283.js","size":554578}],"filteredAssets":0,"assetsSize":2538599,"filteredAuxiliaryAssets":7,"auxiliaryAssetsSize":10386614},"component---src-pages-franquicias-js":{"name":"component---src-pages-franquicias-js","assets":[{"name":"framework-06a1cf00a5a75559c374.js","size":141400},{"name":"styles.2479a8afd722aee3891c.css","size":727900},{"name":"1bfc9850-f384555f808691f0eeb1.js","size":2260},{"name":"0eceb729-8e9d4c32d7bb1dca7e50.js","size":11903},{"name":"d27b29b34a6ec17d3e0abbf7755fcca0ac474a39-66c57e5d768a1cd7dc80.js","size":10877},{"name":"dce39c00396b4c0b0abe57588ae0f1674566ca4e-e9a0ff0369767e424bb5.js","size":72025},{"name":"239c4314c0741eb449cfa67e4a87867101115adf-211c46cc9b968b6ebd71.js","size":1089681},{"name":"component---src-pages-franquicias-js-8ccb6ab5b6cc5d46276a.js","size":12406}],"filteredAssets":0,"assetsSize":2068452,"filteredAuxiliaryAssets":8,"auxiliaryAssetsSize":8617211},"component---src-pages-index-js":{"name":"component---src-pages-index-js","assets":[{"name":"framework-06a1cf00a5a75559c374.js","size":141400},{"name":"styles.2479a8afd722aee3891c.css","size":727900},{"name":"1bfc9850-f384555f808691f0eeb1.js","size":2260},{"name":"d27b29b34a6ec17d3e0abbf7755fcca0ac474a39-66c57e5d768a1cd7dc80.js","size":10877},{"name":"dce39c00396b4c0b0abe57588ae0f1674566ca4e-e9a0ff0369767e424bb5.js","size":72025},{"name":"component---src-pages-index-js-91a50260076a63c85b8e.js","size":4414}],"filteredAssets":0,"assetsSize":958876,"filteredAuxiliaryAssets":6,"auxiliaryAssetsSize":3675333},"component---src-pages-menullorona-js":{"name":"component---src-pages-menullorona-js","assets":[{"name":"1bfc9850-f384555f808691f0eeb1.js","size":2260},{"name":"component---src-pages-menullorona-js-f1d7a09008e131228c81.js","size":33226}],"filteredAssets":0,"assetsSize":35486,"filteredAuxiliaryAssets":19,"auxiliaryAssetsSize":13348790},"component---src-pages-mezcal-js":{"name":"component---src-pages-mezcal-js","assets":[{"name":"framework-06a1cf00a5a75559c374.js","size":141400},{"name":"1bfc9850-f384555f808691f0eeb1.js","size":2260},{"name":"d27b29b34a6ec17d3e0abbf7755fcca0ac474a39-66c57e5d768a1cd7dc80.js","size":10877},{"name":"dce39c00396b4c0b0abe57588ae0f1674566ca4e-e9a0ff0369767e424bb5.js","size":72025},{"name":"component---src-pages-mezcal-js-b333f18d2f1f42cc7f87.js","size":8527}],"filteredAssets":0,"assetsSize":235089,"filteredAuxiliaryAssets":6,"auxiliaryAssetsSize":3682680},"component---src-pages-reserva-js":{"name":"component---src-pages-reserva-js","assets":[{"name":"framework-06a1cf00a5a75559c374.js","size":141400},{"name":"1bfc9850-f384555f808691f0eeb1.js","size":2260},{"name":"d27b29b34a6ec17d3e0abbf7755fcca0ac474a39-66c57e5d768a1cd7dc80.js","size":10877},{"name":"dce39c00396b4c0b0abe57588ae0f1674566ca4e-e9a0ff0369767e424bb5.js","size":72025},{"name":"component---src-pages-reserva-js-6fee3352afc49dfc7533.js","size":13397}],"filteredAssets":0,"assetsSize":239959,"filteredAuxiliaryAssets":6,"auxiliaryAssetsSize":3698364}},"assetsByChunkName":{"polyfill":["webpack-runtime-0be92b512ed460ddf0c3.js","polyfill-acfecac026b8bd8c2ebf.js"],"app":["webpack-runtime-0be92b512ed460ddf0c3.js","framework-06a1cf00a5a75559c374.js","styles.2479a8afd722aee3891c.css","app-a50933f642246236aaad.js"],"component---src-pages-404-js":["component---src-pages-404-js-0d3eb7679980cf684362.js"],"component---src-pages-administrador-js":["framework-06a1cf00a5a75559c374.js","styles.2479a8afd722aee3891c.css","1bfc9850-f384555f808691f0eeb1.js","0eceb729-8e9d4c32d7bb1dca7e50.js","d27b29b34a6ec17d3e0abbf7755fcca0ac474a39-66c57e5d768a1cd7dc80.js","239c4314c0741eb449cfa67e4a87867101115adf-211c46cc9b968b6ebd71.js","component---src-pages-administrador-js-c326a74fd254c0b0d283.js"],"component---src-pages-franquicias-js":["framework-06a1cf00a5a75559c374.js","styles.2479a8afd722aee3891c.css","1bfc9850-f384555f808691f0eeb1.js","0eceb729-8e9d4c32d7bb1dca7e50.js","d27b29b34a6ec17d3e0abbf7755fcca0ac474a39-66c57e5d768a1cd7dc80.js","dce39c00396b4c0b0abe57588ae0f1674566ca4e-e9a0ff0369767e424bb5.js","239c4314c0741eb449cfa67e4a87867101115adf-211c46cc9b968b6ebd71.js","component---src-pages-franquicias-js-8ccb6ab5b6cc5d46276a.js"],"component---src-pages-index-js":["framework-06a1cf00a5a75559c374.js","styles.2479a8afd722aee3891c.css","1bfc9850-f384555f808691f0eeb1.js","d27b29b34a6ec17d3e0abbf7755fcca0ac474a39-66c57e5d768a1cd7dc80.js","dce39c00396b4c0b0abe57588ae0f1674566ca4e-e9a0ff0369767e424bb5.js","component---src-pages-index-js-91a50260076a63c85b8e.js"],"component---src-pages-menullorona-js":["1bfc9850-f384555f808691f0eeb1.js","component---src-pages-menullorona-js-f1d7a09008e131228c81.js"],"component---src-pages-mezcal-js":["framework-06a1cf00a5a75559c374.js","1bfc9850-f384555f808691f0eeb1.js","d27b29b34a6ec17d3e0abbf7755fcca0ac474a39-66c57e5d768a1cd7dc80.js","dce39c00396b4c0b0abe57588ae0f1674566ca4e-e9a0ff0369767e424bb5.js","component---src-pages-mezcal-js-b333f18d2f1f42cc7f87.js"],"component---src-pages-reserva-js":["framework-06a1cf00a5a75559c374.js","1bfc9850-f384555f808691f0eeb1.js","d27b29b34a6ec17d3e0abbf7755fcca0ac474a39-66c57e5d768a1cd7dc80.js","dce39c00396b4c0b0abe57588ae0f1674566ca4e-e9a0ff0369767e424bb5.js","component---src-pages-reserva-js-6fee3352afc49dfc7533.js"]},"childAssetsByChunkName":{}}