{"name":"build-javascript","namedChunkGroups":{"polyfill":{"name":"polyfill","assets":[{"name":"webpack-runtime-1825a93e2a15b0d826d1.js","size":5513},{"name":"polyfill-acfecac026b8bd8c2ebf.js","size":85836}],"filteredAssets":0,"assetsSize":91349,"filteredAuxiliaryAssets":2,"auxiliaryAssetsSize":228895},"app":{"name":"app","assets":[{"name":"webpack-runtime-1825a93e2a15b0d826d1.js","size":5513},{"name":"styles.526950fd043aa03810c1.css","size":391638},{"name":"framework-06a1cf00a5a75559c374.js","size":141400},{"name":"app-0e6f302a37df60ef9168.js","size":173304}],"filteredAssets":0,"assetsSize":711855,"filteredAuxiliaryAssets":3,"auxiliaryAssetsSize":990040},"component---src-pages-404-js":{"name":"component---src-pages-404-js","assets":[{"name":"component---src-pages-404-js-0d3eb7679980cf684362.js","size":800}],"filteredAssets":0,"assetsSize":800,"filteredAuxiliaryAssets":1,"auxiliaryAssetsSize":1878},"component---src-pages-administrador-js":{"name":"component---src-pages-administrador-js","assets":[{"name":"styles.526950fd043aa03810c1.css","size":391638},{"name":"framework-06a1cf00a5a75559c374.js","size":141400},{"name":"1bfc9850-f384555f808691f0eeb1.js","size":2260},{"name":"0eceb729-8e9d4c32d7bb1dca7e50.js","size":11903},{"name":"719abf45b7efcd034146ff6a3f5095afd2eae8cf-9581a466c06e26664693.js","size":45217},{"name":"component---src-pages-administrador-js-8c99f5d5223ef73ecd1f.js","size":682138}],"filteredAssets":0,"assetsSize":1274556,"filteredAuxiliaryAssets":6,"auxiliaryAssetsSize":6414857},"component---src-pages-index-js":{"name":"component---src-pages-index-js","assets":[{"name":"styles.526950fd043aa03810c1.css","size":391638},{"name":"framework-06a1cf00a5a75559c374.js","size":141400},{"name":"1bfc9850-f384555f808691f0eeb1.js","size":2260},{"name":"719abf45b7efcd034146ff6a3f5095afd2eae8cf-9581a466c06e26664693.js","size":45217},{"name":"95604a93b2d03d7aba5a58fdf803987050322057-dd2117c5f855426bf939.js","size":73463},{"name":"component---src-pages-index-js-a21ab516aad24140aac3.js","size":4688}],"filteredAssets":0,"assetsSize":658666,"filteredAuxiliaryAssets":6,"auxiliaryAssetsSize":3785844},"component---src-pages-menullorona-js":{"name":"component---src-pages-menullorona-js","assets":[{"name":"1bfc9850-f384555f808691f0eeb1.js","size":2260},{"name":"719abf45b7efcd034146ff6a3f5095afd2eae8cf-9581a466c06e26664693.js","size":45217},{"name":"component---src-pages-menullorona-js-00d1688abc5732a8fcd6.js","size":23693}],"filteredAssets":0,"assetsSize":71170,"filteredAuxiliaryAssets":24,"auxiliaryAssetsSize":15858803},"component---src-pages-mezcal-js":{"name":"component---src-pages-mezcal-js","assets":[{"name":"styles.526950fd043aa03810c1.css","size":391638},{"name":"1bfc9850-f384555f808691f0eeb1.js","size":2260},{"name":"719abf45b7efcd034146ff6a3f5095afd2eae8cf-9581a466c06e26664693.js","size":45217},{"name":"component---src-pages-mezcal-js-04002ba908301b36971a.js","size":6193}],"filteredAssets":0,"assetsSize":445308,"filteredAuxiliaryAssets":4,"auxiliaryAssetsSize":3067231},"component---src-pages-reserva-js":{"name":"component---src-pages-reserva-js","assets":[{"name":"framework-06a1cf00a5a75559c374.js","size":141400},{"name":"1bfc9850-f384555f808691f0eeb1.js","size":2260},{"name":"719abf45b7efcd034146ff6a3f5095afd2eae8cf-9581a466c06e26664693.js","size":45217},{"name":"95604a93b2d03d7aba5a58fdf803987050322057-dd2117c5f855426bf939.js","size":73463},{"name":"component---src-pages-reserva-js-1579dbfa28371abf4ca4.js","size":13073}],"filteredAssets":0,"assetsSize":275413,"filteredAuxiliaryAssets":6,"auxiliaryAssetsSize":3808056}},"assetsByChunkName":{"polyfill":["webpack-runtime-1825a93e2a15b0d826d1.js","polyfill-acfecac026b8bd8c2ebf.js"],"app":["webpack-runtime-1825a93e2a15b0d826d1.js","styles.526950fd043aa03810c1.css","framework-06a1cf00a5a75559c374.js","app-0e6f302a37df60ef9168.js"],"component---src-pages-404-js":["component---src-pages-404-js-0d3eb7679980cf684362.js"],"component---src-pages-administrador-js":["styles.526950fd043aa03810c1.css","framework-06a1cf00a5a75559c374.js","1bfc9850-f384555f808691f0eeb1.js","0eceb729-8e9d4c32d7bb1dca7e50.js","719abf45b7efcd034146ff6a3f5095afd2eae8cf-9581a466c06e26664693.js","component---src-pages-administrador-js-8c99f5d5223ef73ecd1f.js"],"component---src-pages-index-js":["styles.526950fd043aa03810c1.css","framework-06a1cf00a5a75559c374.js","1bfc9850-f384555f808691f0eeb1.js","719abf45b7efcd034146ff6a3f5095afd2eae8cf-9581a466c06e26664693.js","95604a93b2d03d7aba5a58fdf803987050322057-dd2117c5f855426bf939.js","component---src-pages-index-js-a21ab516aad24140aac3.js"],"component---src-pages-menullorona-js":["1bfc9850-f384555f808691f0eeb1.js","719abf45b7efcd034146ff6a3f5095afd2eae8cf-9581a466c06e26664693.js","component---src-pages-menullorona-js-00d1688abc5732a8fcd6.js"],"component---src-pages-mezcal-js":["styles.526950fd043aa03810c1.css","1bfc9850-f384555f808691f0eeb1.js","719abf45b7efcd034146ff6a3f5095afd2eae8cf-9581a466c06e26664693.js","component---src-pages-mezcal-js-04002ba908301b36971a.js"],"component---src-pages-reserva-js":["framework-06a1cf00a5a75559c374.js","1bfc9850-f384555f808691f0eeb1.js","719abf45b7efcd034146ff6a3f5095afd2eae8cf-9581a466c06e26664693.js","95604a93b2d03d7aba5a58fdf803987050322057-dd2117c5f855426bf939.js","component---src-pages-reserva-js-1579dbfa28371abf4ca4.js"]},"childAssetsByChunkName":{}}