{"name":"build-javascript","namedChunkGroups":{"polyfill":{"name":"polyfill","assets":[{"name":"webpack-runtime-f40c1862dd0a11282cc7.js","size":6162},{"name":"polyfill-acfecac026b8bd8c2ebf.js","size":85836}],"filteredAssets":0,"assetsSize":91998,"filteredAuxiliaryAssets":2,"auxiliaryAssetsSize":229962},"app":{"name":"app","assets":[{"name":"webpack-runtime-f40c1862dd0a11282cc7.js","size":6162},{"name":"framework-06a1cf00a5a75559c374.js","size":141400},{"name":"styles.360435f50143a923d261.css","size":808443},{"name":"app-2206ab1f6b1a01ca04dc.js","size":210755}],"filteredAssets":0,"assetsSize":1166760,"filteredAuxiliaryAssets":3,"auxiliaryAssetsSize":1105724},"component---src-pages-404-js":{"name":"component---src-pages-404-js","assets":[{"name":"component---src-pages-404-js-0d3eb7679980cf684362.js","size":800}],"filteredAssets":0,"assetsSize":800,"filteredAuxiliaryAssets":1,"auxiliaryAssetsSize":1878},"component---src-pages-administrador-js":{"name":"component---src-pages-administrador-js","assets":[{"name":"framework-06a1cf00a5a75559c374.js","size":141400},{"name":"styles.360435f50143a923d261.css","size":808443},{"name":"1bfc9850-f384555f808691f0eeb1.js","size":2260},{"name":"0eceb729-8e9d4c32d7bb1dca7e50.js","size":11903},{"name":"cc2da1f77f620afd78dd3d709ccfd100bcc3d7af-3d6278911710ad0dfcb3.js","size":10915},{"name":"9dc565fe55510f1d4b178fa8f74c360b753f8c95-82d70f966f6ea01f0bc0.js","size":56017},{"name":"129462764835e56144e21266cf9e441dd356b4b3-98862b821809e234cf25.js","size":968823},{"name":"8b3d721f1162e5d2c9b354fd978872404680c7e8-6ff0f5dcd029f03d6dde.js","size":183282},{"name":"239c4314c0741eb449cfa67e4a87867101115adf-40d4c38adc273908a4a1.js","size":69812},{"name":"component---src-pages-administrador-js-58f916bb3f3c0fd2a76a.js","size":512762}],"filteredAssets":0,"assetsSize":2765617,"filteredAuxiliaryAssets":10,"auxiliaryAssetsSize":11024759},"component---src-pages-cantina-js":{"name":"component---src-pages-cantina-js","assets":[{"name":"framework-06a1cf00a5a75559c374.js","size":141400},{"name":"styles.360435f50143a923d261.css","size":808443},{"name":"1bfc9850-f384555f808691f0eeb1.js","size":2260},{"name":"cc2da1f77f620afd78dd3d709ccfd100bcc3d7af-3d6278911710ad0dfcb3.js","size":10915},{"name":"eee7e3d5fc105a908bec9efe3e975eb69262654f-b1ef4d809d7f6e530f48.js","size":72025},{"name":"9dc565fe55510f1d4b178fa8f74c360b753f8c95-82d70f966f6ea01f0bc0.js","size":56017},{"name":"8e26f3d88ded61e0a80c1fa0ac514e63e42fb879-f6c6677ef6b617e815cc.js","size":18902},{"name":"component---src-pages-cantina-js-0a9894dfad0ac0c311ea.js","size":33035}],"filteredAssets":0,"assetsSize":1142997,"filteredAuxiliaryAssets":8,"auxiliaryAssetsSize":4104713},"component---src-pages-franquicias-js":{"name":"component---src-pages-franquicias-js","assets":[{"name":"framework-06a1cf00a5a75559c374.js","size":141400},{"name":"styles.360435f50143a923d261.css","size":808443},{"name":"1bfc9850-f384555f808691f0eeb1.js","size":2260},{"name":"0eceb729-8e9d4c32d7bb1dca7e50.js","size":11903},{"name":"cc2da1f77f620afd78dd3d709ccfd100bcc3d7af-3d6278911710ad0dfcb3.js","size":10915},{"name":"eee7e3d5fc105a908bec9efe3e975eb69262654f-b1ef4d809d7f6e530f48.js","size":72025},{"name":"9dc565fe55510f1d4b178fa8f74c360b753f8c95-82d70f966f6ea01f0bc0.js","size":56017},{"name":"129462764835e56144e21266cf9e441dd356b4b3-98862b821809e234cf25.js","size":968823},{"name":"239c4314c0741eb449cfa67e4a87867101115adf-40d4c38adc273908a4a1.js","size":69812},{"name":"component---src-pages-franquicias-js-4be920409699b1f4eea9.js","size":12406}],"filteredAssets":0,"assetsSize":2154004,"filteredAuxiliaryAssets":10,"auxiliaryAssetsSize":8629014},"component---src-pages-hoteles-js":{"name":"component---src-pages-hoteles-js","assets":[{"name":"styles.360435f50143a923d261.css","size":808443},{"name":"1bfc9850-f384555f808691f0eeb1.js","size":2260},{"name":"0eceb729-8e9d4c32d7bb1dca7e50.js","size":11903},{"name":"cc2da1f77f620afd78dd3d709ccfd100bcc3d7af-3d6278911710ad0dfcb3.js","size":10915},{"name":"9dc565fe55510f1d4b178fa8f74c360b753f8c95-82d70f966f6ea01f0bc0.js","size":56017},{"name":"129462764835e56144e21266cf9e441dd356b4b3-98862b821809e234cf25.js","size":968823},{"name":"8b3d721f1162e5d2c9b354fd978872404680c7e8-6ff0f5dcd029f03d6dde.js","size":183282},{"name":"component---src-pages-hoteles-js-86a220f8b4b7f9011428.js","size":7885}],"filteredAssets":0,"assetsSize":2049528,"filteredAuxiliaryAssets":8,"auxiliaryAssetsSize":8415097},"component---src-pages-index-js":{"name":"component---src-pages-index-js","assets":[{"name":"framework-06a1cf00a5a75559c374.js","size":141400},{"name":"styles.360435f50143a923d261.css","size":808443},{"name":"1bfc9850-f384555f808691f0eeb1.js","size":2260},{"name":"cc2da1f77f620afd78dd3d709ccfd100bcc3d7af-3d6278911710ad0dfcb3.js","size":10915},{"name":"eee7e3d5fc105a908bec9efe3e975eb69262654f-b1ef4d809d7f6e530f48.js","size":72025},{"name":"component---src-pages-index-js-878be7130965d01e64f9.js","size":4399}],"filteredAssets":0,"assetsSize":1039442,"filteredAuxiliaryAssets":6,"auxiliaryAssetsSize":3675402},"component---src-pages-menullorona-js":{"name":"component---src-pages-menullorona-js","assets":[{"name":"1bfc9850-f384555f808691f0eeb1.js","size":2260},{"name":"8e26f3d88ded61e0a80c1fa0ac514e63e42fb879-f6c6677ef6b617e815cc.js","size":18902},{"name":"component---src-pages-menullorona-js-b5c796c4acd08a5acca0.js","size":15124}],"filteredAssets":0,"assetsSize":36286,"filteredAuxiliaryAssets":20,"auxiliaryAssetsSize":13349656},"component---src-pages-mezcal-js":{"name":"component---src-pages-mezcal-js","assets":[{"name":"framework-06a1cf00a5a75559c374.js","size":141400},{"name":"1bfc9850-f384555f808691f0eeb1.js","size":2260},{"name":"cc2da1f77f620afd78dd3d709ccfd100bcc3d7af-3d6278911710ad0dfcb3.js","size":10915},{"name":"eee7e3d5fc105a908bec9efe3e975eb69262654f-b1ef4d809d7f6e530f48.js","size":72025},{"name":"component---src-pages-mezcal-js-b333f18d2f1f42cc7f87.js","size":8527}],"filteredAssets":0,"assetsSize":235127,"filteredAuxiliaryAssets":6,"auxiliaryAssetsSize":3682808},"component---src-pages-producto-js":{"name":"component---src-pages-producto-js","assets":[{"name":"component---src-pages-producto-js-bf73cf7f3893365b9116.js","size":281}],"filteredAssets":0,"assetsSize":281,"filteredAuxiliaryAssets":1,"auxiliaryAssetsSize":341},"component---src-pages-reserva-js":{"name":"component---src-pages-reserva-js","assets":[{"name":"framework-06a1cf00a5a75559c374.js","size":141400},{"name":"1bfc9850-f384555f808691f0eeb1.js","size":2260},{"name":"cc2da1f77f620afd78dd3d709ccfd100bcc3d7af-3d6278911710ad0dfcb3.js","size":10915},{"name":"eee7e3d5fc105a908bec9efe3e975eb69262654f-b1ef4d809d7f6e530f48.js","size":72025},{"name":"component---src-pages-reserva-js-6fee3352afc49dfc7533.js","size":13397}],"filteredAssets":0,"assetsSize":239997,"filteredAuxiliaryAssets":6,"auxiliaryAssetsSize":3698492}},"assetsByChunkName":{"polyfill":["webpack-runtime-f40c1862dd0a11282cc7.js","polyfill-acfecac026b8bd8c2ebf.js"],"app":["webpack-runtime-f40c1862dd0a11282cc7.js","framework-06a1cf00a5a75559c374.js","styles.360435f50143a923d261.css","app-2206ab1f6b1a01ca04dc.js"],"component---src-pages-404-js":["component---src-pages-404-js-0d3eb7679980cf684362.js"],"component---src-pages-administrador-js":["framework-06a1cf00a5a75559c374.js","styles.360435f50143a923d261.css","1bfc9850-f384555f808691f0eeb1.js","0eceb729-8e9d4c32d7bb1dca7e50.js","cc2da1f77f620afd78dd3d709ccfd100bcc3d7af-3d6278911710ad0dfcb3.js","9dc565fe55510f1d4b178fa8f74c360b753f8c95-82d70f966f6ea01f0bc0.js","129462764835e56144e21266cf9e441dd356b4b3-98862b821809e234cf25.js","8b3d721f1162e5d2c9b354fd978872404680c7e8-6ff0f5dcd029f03d6dde.js","239c4314c0741eb449cfa67e4a87867101115adf-40d4c38adc273908a4a1.js","component---src-pages-administrador-js-58f916bb3f3c0fd2a76a.js"],"component---src-pages-cantina-js":["framework-06a1cf00a5a75559c374.js","styles.360435f50143a923d261.css","1bfc9850-f384555f808691f0eeb1.js","cc2da1f77f620afd78dd3d709ccfd100bcc3d7af-3d6278911710ad0dfcb3.js","eee7e3d5fc105a908bec9efe3e975eb69262654f-b1ef4d809d7f6e530f48.js","9dc565fe55510f1d4b178fa8f74c360b753f8c95-82d70f966f6ea01f0bc0.js","8e26f3d88ded61e0a80c1fa0ac514e63e42fb879-f6c6677ef6b617e815cc.js","component---src-pages-cantina-js-0a9894dfad0ac0c311ea.js"],"component---src-pages-franquicias-js":["framework-06a1cf00a5a75559c374.js","styles.360435f50143a923d261.css","1bfc9850-f384555f808691f0eeb1.js","0eceb729-8e9d4c32d7bb1dca7e50.js","cc2da1f77f620afd78dd3d709ccfd100bcc3d7af-3d6278911710ad0dfcb3.js","eee7e3d5fc105a908bec9efe3e975eb69262654f-b1ef4d809d7f6e530f48.js","9dc565fe55510f1d4b178fa8f74c360b753f8c95-82d70f966f6ea01f0bc0.js","129462764835e56144e21266cf9e441dd356b4b3-98862b821809e234cf25.js","239c4314c0741eb449cfa67e4a87867101115adf-40d4c38adc273908a4a1.js","component---src-pages-franquicias-js-4be920409699b1f4eea9.js"],"component---src-pages-hoteles-js":["styles.360435f50143a923d261.css","1bfc9850-f384555f808691f0eeb1.js","0eceb729-8e9d4c32d7bb1dca7e50.js","cc2da1f77f620afd78dd3d709ccfd100bcc3d7af-3d6278911710ad0dfcb3.js","9dc565fe55510f1d4b178fa8f74c360b753f8c95-82d70f966f6ea01f0bc0.js","129462764835e56144e21266cf9e441dd356b4b3-98862b821809e234cf25.js","8b3d721f1162e5d2c9b354fd978872404680c7e8-6ff0f5dcd029f03d6dde.js","component---src-pages-hoteles-js-86a220f8b4b7f9011428.js"],"component---src-pages-index-js":["framework-06a1cf00a5a75559c374.js","styles.360435f50143a923d261.css","1bfc9850-f384555f808691f0eeb1.js","cc2da1f77f620afd78dd3d709ccfd100bcc3d7af-3d6278911710ad0dfcb3.js","eee7e3d5fc105a908bec9efe3e975eb69262654f-b1ef4d809d7f6e530f48.js","component---src-pages-index-js-878be7130965d01e64f9.js"],"component---src-pages-menullorona-js":["1bfc9850-f384555f808691f0eeb1.js","8e26f3d88ded61e0a80c1fa0ac514e63e42fb879-f6c6677ef6b617e815cc.js","component---src-pages-menullorona-js-b5c796c4acd08a5acca0.js"],"component---src-pages-mezcal-js":["framework-06a1cf00a5a75559c374.js","1bfc9850-f384555f808691f0eeb1.js","cc2da1f77f620afd78dd3d709ccfd100bcc3d7af-3d6278911710ad0dfcb3.js","eee7e3d5fc105a908bec9efe3e975eb69262654f-b1ef4d809d7f6e530f48.js","component---src-pages-mezcal-js-b333f18d2f1f42cc7f87.js"],"component---src-pages-producto-js":["component---src-pages-producto-js-bf73cf7f3893365b9116.js"],"component---src-pages-reserva-js":["framework-06a1cf00a5a75559c374.js","1bfc9850-f384555f808691f0eeb1.js","cc2da1f77f620afd78dd3d709ccfd100bcc3d7af-3d6278911710ad0dfcb3.js","eee7e3d5fc105a908bec9efe3e975eb69262654f-b1ef4d809d7f6e530f48.js","component---src-pages-reserva-js-6fee3352afc49dfc7533.js"]},"childAssetsByChunkName":{}}